{
  "version": 1,
  "author": "André Luiz Braga",
  "editor": "wokwi",
  "parts": [
    { "type": "board-esp32-s3-devkitc-1", "id": "esp", "top": 24.25, "left": 9.26, "attrs": {} },
    {
      "type": "wokwi-led",
      "id": "led1",
      "top": -80.02,
      "left": 126.85,
      "attrs": { "color": "red" }
    },
    {
      "type": "wokwi-led",
      "id": "led2",
      "top": -27.92,
      "left": 100.83,
      "attrs": { "color": "yellow" }
    },
    {
      "type": "wokwi-resistor",
      "id": "r1",
      "top": -15.1,
      "left": -10.82,
      "attrs": { "value": "1000" }
    },
    {
      "type": "wokwi-resistor",
      "id": "r2",
      "top": -62.53,
      "left": -15.79,
      "attrs": { "value": "1000" }
    }
  ],
  "connections": [
    [ "esp:TX", "$serialMonitor:RX", "", [] ],
    [ "esp:RX", "$serialMonitor:TX", "", [] ],
    [ "r1:1", "esp:GND.1", "green", [ "v0" ] ],
    [ "r2:1", "esp:GND.1", "green", [ "v0" ] ],
    [ "led1:C", "r2:2", "green", [ "v0" ] ],
    [ "r1:2", "led2:C", "green", [ "v0" ] ],
    [ "esp:1", "led2:A", "green", [ "h0" ] ],
    [ "esp:2", "led1:A", "green", [ "h0" ] ]
  ]
}